SubProductID,SubProductName,CategoryID
SP0001,Men's T-Shirts,C01
SP0002,Women's T-Shirts,C01
SP0003,Unisex Hoodies,C01
SP0004,Graphic Tees,C01
SP0005,Men's Jeans,C01
SP0006,Women's Jeans,C01
SP0007,Casual Shirts,C01
SP0008,Formal Shirts,C01
SP0009,Dresses,C01
SP0010,Skirts,C01
SP0011,Blouses,C01
SP0012,Shorts,C01
SP0013,Sweatpants,C01
SP0014,Jackets,C01
SP0015,Blazers,C01
SP0016,Suits,C01
SP0017,Swimwear,C01
SP0018,Sleepwear,C01
SP0019,Undergarments,C01
SP0020,Socks,C01
SP0021,Activewear,C01
SP0022,Yoga Pants,C01
SP0023,Tank Tops,C01
SP0024,Polo Shirts,C01
SP0025,Cardigans,C01
SP0026,Winter Coats,C01
SP0027,Rain Jackets,C01
SP0028,Denim Jackets,C01
SP0029,Leggings,C01
SP0030,Camisoles,C01
SP0031,Crop Tops,C01
SP0032,Overalls,C01
SP0033,Tracksuits,C01
SP0034,Vests,C01
SP0035,Thermals,C01
SP0036,Scarves,C01
SP0037,Hats,C01
SP0038,Gloves,C01
SP0039,Belts,C01
SP0040,Suspenders,C01
SP0041,Boots,C01
SP0042,Sneakers,C01
SP0043,Sandals,C01
SP0044,Dress Shoes,C01
SP0045,Flip Flops,C01
SP0046,Heels,C01
SP0047,Slippers,C01
SP0048,Loafers,C01
SP0049,Mittens,C01
SP0050,Tights,C01
SP0051,Smartphone,C02
SP0052,Laptop,C02
SP0053,Tablet,C02
SP0054,Headphones,C02
SP0055,Smartwatch,C02
SP0056,Charger,C02
SP0057,Power Bank,C02
SP0058,Monitor,C02
SP0059,Keyboard,C02
SP0060,Mouse,C02
SP0061,Speaker,C02
SP0062,Projector,C02
SP0063,VR Headset,C02
SP0064,Camera,C02
SP0065,Drone,C02
SP0066,Router,C02
SP0067,Modem,C02
SP0068,HDMI Cable,C02
SP0069,USB Hub,C02
SP0070,SSD,C02
SP0071,GPU,C02
SP0072,Processor,C02
SP0073,RAM,C02
SP0074,Motherboard,C02
SP0075,Webcam,C02
SP0076,Microphone,C02
SP0077,Smart TV,C02
SP0078,Game Console,C02
SP0079,Bluetooth Adapter,C02
SP0080,Stylus,C02
SP0081,Graphics Tablet,C02
SP0082,Smart Light,C02
SP0083,Dash Cam,C02
SP0084,Streaming Device,C02
SP0085,E-Reader,C02
SP0086,Fitness Tracker,C02
SP0087,Soundbar,C02
SP0088,Portable Speaker,C02
SP0089,TV Remote,C02
SP0090,Gaming Chair,C02
SP0091,Cooling Pad,C02
SP0092,Inverter,C02
SP0093,Photo Printer,C02
SP0094,Label Maker,C02
SP0095,Fingerprint Scanner,C02
SP0096,Digital Frame,C02
SP0097,Power Strip,C02
SP0098,Wall Mount,C02
SP0099,Display Cable,C02
SP0100,Ethernet Cable,C02
SP0101,Refrigerator,C03
SP0102,Microwave Oven,C03
SP0103,Washing Machine,C03
SP0104,Dryer,C03
SP0105,Dishwasher,C03
SP0106,Air Conditioner,C03
SP0107,Vacuum Cleaner,C03
SP0108,Blender,C03
SP0109,Toaster,C03
SP0110,Coffee Maker,C03
SP0111,Electric Kettle,C03
SP0112,Food Processor,C03
SP0113,Slow Cooker,C03
SP0114,Air Fryer,C03
SP0115,Stand Mixer,C03
SP0116,Juicer,C03
SP0117,Toaster Oven,C03
SP0118,Electric Grill,C03
SP0119,Dehumidifier,C03
SP0120,Humidifier,C03
SP0121,Water Purifier,C03
SP0122,Ice Maker,C03
SP0123,Bread Maker,C03
SP0124,Electric Pressure Cooker,C03
SP0125,Rice Cooker,C03
SP0126,Steam Iron,C03
SP0127,Hand Mixer,C03
SP0128,Fan Heater,C03
SP0129,Ceiling Fan,C03
SP0130,Portable Heater,C03
SP0131,Air Purifier,C03
SP0132,Robot Vacuum,C03
SP0133,Wine Cooler,C03
SP0134,Chest Freezer,C03
SP0135,Upright Freezer,C03
SP0136,Mini Fridge,C03
SP0137,Water Dispenser,C03
SP0138,Electric Can Opener,C03
SP0139,Popcorn Maker,C03
SP0140,Waffle Maker,C03
SP0141,Sandwich Maker,C03
SP0142,Electric Skillet,C03
SP0143,Deep Fryer,C03
SP0144,Garment Steamer,C03
SP0145,Hair Dryer,C03
SP0146,Curling Iron,C03
SP0147,Straightener,C03
SP0148,Electric Toothbrush,C03
SP0149,Water Flosser,C03
SP0150,Facial Steamer,C03
SP0151,Sofa,C04
SP0152,Dining Table,C04
SP0153,Bed Frame,C04
SP0154,Armchair,C04
SP0155,Coffee Table,C04
SP0156,Bar Stool,C04
SP0157,Desk,C04
SP0158,Bookshelf,C04
SP0159,TV Stand,C04
SP0160,Loveseat,C04
SP0161,Recliner,C04
SP0162,Kitchen Table,C04
SP0163,Bunk Bed,C04
SP0164,Folding Chair,C04
SP0165,Side Table,C04
SP0166,Ottoman,C04
SP0167,Office Desk,C04
SP0168,Wall Shelf,C04
SP0169,Storage Cabinet,C04
SP0170,Sectional Sofa,C04
SP0171,Patio Table,C04
SP0172,Mattress,C04
SP0173,Headboard,C04
SP0174,Bar Cart,C04
SP0175,Console Table,C04
SP0176,Folding Table,C04
SP0177,Desk Chair,C04
SP0178,Display Cabinet,C04
SP0179,Wardrobe,C04
SP0180,Chaise Lounge,C04
SP0181,Nightstand,C04
SP0182,Dresser,C04
SP0183,Vanity Table,C04
SP0184,Bench,C04
SP0185,Entryway Table,C04
SP0186,Outdoor Bench,C04
SP0187,Media Console,C04
SP0188,Wall Unit,C04
SP0189,File Cabinet,C04
SP0190,Accent Chair,C04
SP0191,Credenza,C04
SP0192,Kitchen Island,C04
SP0193,Daybed,C04
SP0194,Futon,C04
SP0195,Room Divider,C04
SP0196,Coat Rack,C04
SP0197,Shoe Rack,C04
SP0198,Storage Bench,C04
SP0199,End Table,C04
SP0200,Outdoor Sofa,C04
SP0201,Mystery Novel,C05
SP0202,Science Fiction Book,C05
SP0203,Cookbook,C05
SP0204,Biography,C05
SP0205,Fantasy Novel,C05
SP0206,Historical Fiction,C05
SP0207,Self-Help Book,C05
SP0208,Romance Novel,C05
SP0209,Thriller Novel,C05
SP0210,Children's Book,C05
SP0211,Graphic Novel,C05
SP0212,Poetry Collection,C05
SP0213,Non-Fiction Book,C05
SP0214,Textbook,C05
SP0215,Travel Guide,C05
SP0216,Memoir,C05
SP0217,Young Adult Novel,C05
SP0218,Science Book,C05
SP0219,Art Book,C05
SP0220,History Book,C05
SP0221,Business Book,C05
SP0222,Health Book,C05
SP0223,Fitness Book,C05
SP0224,Philosophy Book,C05
SP0225,Spiritual Book,C05
SP0226,Classic Literature,C05
SP0227,Short Story Collection,C05
SP0228,Crime Novel,C05
SP0229,Horror Novel,C05
SP0230,Adventure Novel,C05
SP0231,Comic Book,C05
SP0232,Educational Book,C05
SP0233,Language Learning Book,C05
SP0234,Photography Book,C05
SP0235,Craft Book,C05
SP0236,Gardening Book,C05
SP0237,Parenting Book,C05
SP0238,Technology Book,C05
SP0239,Psychology Book,C05
SP0240,Political Book,C05
SP0241,Religious Book,C05
SP0242,Literary Fiction,C05
SP0243,Reference Book,C05
SP0244,Dictionary,C05
SP0245,Encyclopedia,C05
SP0246,Journal,C05
SP0247,Activity Book,C05
SP0248,Coloring Book,C05
SP0249,Audiobook,C05
SP0250,E-Book,C05
SP0251,Action Figure,C06
SP0252,Puzzle Game,C06
SP0253,Building Blocks,C06
SP0254,Board Game,C06
SP0255,Stuffed Animal,C06
SP0256,Remote Control Car,C06
SP0257,Dollhouse,C06
SP0258,Card Game,C06
SP0259,Play Kitchen,C06
SP0260,Toy Train,C06
SP0261,Lego Set,C06
SP0262,Play Dough,C06
SP0263,Art Kit,C06
SP0264,Science Kit,C06
SP0265,Robot Toy,C06
SP0266,Marble Run,C06
SP0267,Building Kit,C06
SP0268,Toy Car,C06
SP0269,Action Playset,C06
SP0270,Water Gun,C06
SP0271,Kite,C06
SP0272,Model Airplane,C06
SP0273,Plush Toy,C06
SP0274,Toy Soldier,C06
SP0275,Train Set,C06
SP0276,Construction Set,C06
SP0277,Toy Truck,C06
SP0278,Puppet,C06
SP0279,Musical Toy,C06
SP0280,Jump Rope,C06
SP0281,Hula Hoop,C06
SP0282,Toy Boat,C06
SP0283,Balance Bike,C06
SP0284,Scooter,C06
SP0285,Trampoline,C06
SP0286,Play Tent,C06
SP0287,Doctor Kit,C06
SP0288,Costume Set,C06
SP0289,Toy Gun,C06
SP0290,Building Toy,C06
SP0291,Activity Cube,C06
SP0292,Toy Drum,C06
SP0293,Play Mat,C06
SP0294,Toy Phone,C06
SP0295,Stacking Rings,C06
SP0296,Shape Sorter,C06
SP0297,Toy Piano,C06
SP0298,Bubble Machine,C06
SP0299,Toy Helicopter,C06
SP0300,Playhouse,C06
SP0301,Moisturizer,C07
SP0302,Shampoo,C07
SP0303,Conditioner,C07
SP0304,Body Wash,C07
SP0305,Toothbrush,C07
SP0306,Toothpaste,C07
SP0307,Face Wash,C07
SP0308,Deodorant,C07
SP0309,Hand Cream,C07
SP0310,Lip Balm,C07
SP0311,Sunscreen,C07
SP0312,Body Lotion,C07
SP0313,Hair Gel,C07
SP0314,Shaving Cream,C07
SP0315,Razor,C07
SP0316,Facial Mask,C07
SP0317,Hair Spray,C07
SP0318,Body Scrub,C07
SP0319,Nail Clipper,C07
SP0320,Tweezers,C07
SP0321,Cotton Pads,C07
SP0322,Makeup Remover,C07
SP0323,Hairbrush,C07
SP0324,Comb,C07
SP0325,Bath Sponge,C07
SP0326,Facial Toner,C07
SP0327,Serum,C07
SP0328,Eye Cream,C07
SP0329,Foot Cream,C07
SP0330,Hand Soap,C07
SP0331,Mouthwash,C07
SP0332,Dental Floss,C07
SP0333,Hair Oil,C07
SP0334,Body Oil,C07
SP0335,Shower Gel,C07
SP0336,Bath Salts,C07
SP0337,Lip Scrub,C07
SP0338,Nail File,C07
SP0339,Cuticle Oil,C07
SP0340,Hair Mask,C07
SP0341,Facial Cleanser,C07
SP0342,Body Cream,C07
SP0343,Anti-Aging Cream,C07
SP0344,Acne Treatment,C07
SP0345,Shaving Gel,C07
SP0346,Hair Removal Cream,C07
SP0347,Facial Scrub,C07
SP0348,Foot Scrub,C07
SP0349,Bath Bomb,C07
SP0350,Perfume,C07
SP0351,Pasta,C08
SP0352,Olive Oil,C08
SP0353,Fresh Apples,C08
SP0354,Canned Tomatoes,C08
SP0355,Rice,C08
SP0356,Bread,C08
SP0357,Milk,C08
SP0358,Eggs,C08
SP0359,Chicken Breast,C08
SP0360,Frozen Pizza,C08
SP0361,Cereal,C08
SP0362,Peanut Butter,C08
SP0363,Jam,C08
SP0364,Butter,C08
SP0365,Cheese,C08
SP0366,Yogurt,C08
SP0367,Fresh Carrots,C08
SP0368,Frozen Peas,C08
SP0369,Coffee Beans,C08
SP0370,Tea Bags,C08
SP0371,Sugar,C08
SP0372,Flour,C08
SP0373,Salt,C08
SP0374,Pepper,C08
SP0375,Spaghetti Sauce,C08
SP0376,Canned Beans,C08
SP0377,Oats,C08
SP0378,Honey,C08
SP0379,Granola Bars,C08
SP0380,Chips,C08
SP0381,Cookies,C08
SP0382,Crackers,C08
SP0383,Fresh Bananas,C08
SP0384,Orange Juice,C08
SP0385,Almond Milk,C08
SP0386,Fresh Spinach,C08
SP0387,Frozen Berries,C08
SP0388,Canned Tuna,C08
SP0389,Pasta Sauce,C08
SP0390,Instant Noodles,C08
SP0391,Baking Powder,C08
SP0392,Vanilla Extract,C08
SP0393,Chocolate Bars,C08
SP0394,Trail Mix,C08
SP0395,Fresh Tomatoes,C08
SP0396,Fresh Broccoli,C08
SP0397,Frozen Chicken,C08
SP0398,Maple Syrup,C08
SP0399,Canned Corn,C08
SP0400,Fresh Oranges,C08
SP0401,Yoga Mat,C09
SP0402,Dumbbells,C09
SP0403,Soccer Ball,C09
SP0404,Tennis Racket,C09
SP0405,Basketball,C09
SP0406,Running Shoes,C09
SP0407,Resistance Bands,C09
SP0408,Jump Rope,C09
SP0409,Fitness Tracker,C09
SP0410,Gym Gloves,C09
SP0411,Treadmill,C09
SP0412,Exercise Bike,C09
SP0413,Kettlebell,C09
SP0414,Yoga Block,C09
SP0415,Foam Roller,C09
SP0416,Baseball Bat,C09
SP0417,Golf Clubs,C09
SP0418,Swimming Goggles,C09
SP0419,Skateboard,C09
SP0420,Badminton Racket,C09
SP0421,Volleyball,C09
SP0422,Hiking Backpack,C09
SP0423,Cycling Helmet,C09
SP0424,Shin Guards,C09
SP0425,Ski Poles,C09
SP0426,Snowboard,C09
SP0427,Tennis Balls,C09
SP0428,Gym Bag,C09
SP0429,Weight Bench,C09
SP0430,Pull-Up Bar,C09
SP0431,Boxing Gloves,C09
SP0432,Yoga Strap,C09
SP0433,Exercise Mat,C09
SP0434,Soccer Goal,C09
SP0435,Hockey Stick,C09
SP0436,Roller Blades,C09
SP0437,Fishing Rod,C09
SP0438,Camping Chair,C09
SP0439,Sleeping Bag,C09
SP0440,Tent,C09
SP0441,Climbing Rope,C09
SP0442,Surfboard,C09
SP0443,Kayak Paddle,C09
SP0444,Life Jacket,C09
SP0445,Archery Bow,C09
SP0446,Golf Bag,C09
SP0447,Table Tennis Paddle,C09
SP0448,Bicycle Pump,C09
SP0449,Ski Goggles,C09
SP0450,Sports Water Bottle,C09
SP0451,Running Sneakers,C10
SP0452,Leather Sandals,C10
SP0453,Formal Dress Shoes,C10
SP0454,Hiking Boots,C10
SP0455,Casual Loafers,C10
SP0456,High Heels,C10
SP0457,Flip Flops,C10
SP0458,Running Sandals,C10
SP0459,Work Boots,C10
SP0460,Athletic Shoes,C10
SP0461,Slip-On Sneakers,C10
SP0462,Ankle Boots,C10
SP0463,Ballet Flats,C10
SP0464,Trail Shoes,C10
SP0465,Wedge Sandals,C10
SP0466,Chelsea Boots,C10
SP0467,Canvas Sneakers,C10
SP0468,Dress Sandals,C10
SP0469,Combat Boots,C10
SP0470,Slippers,C10
SP0471,Oxford Shoes,C10
SP0472,Mary Janes,C10
SP0473,Platform Heels,C10
SP0474,Running Spikes,C10
SP0475,Moccasins,C10
SP0476,Clogs,C10
SP0477,Espadrilles,C10
SP0478,Snow Boots,C10
SP0479,Chukka Boots,C10
SP0480,Gladiator Sandals,C10
SP0481,Water Shoes,C10
SP0482,Derby Shoes,C10
SP0483,Slide Sandals,C10
SP0484,Rain Boots,C10
SP0485,Brogues,C10
SP0486,Formal Heels,C10
SP0487,Tennis Shoes,C10
SP0488,Boat Shoes,C10
SP0489,Winter Boots,C10
SP0490,Slingback Heels,C10
SP0491,Cross-Trainers,C10
SP0492,Mule Shoes,C10
SP0493,Cycling Shoes,C10
SP0494,Pointed-Toe Flats,C10
SP0495,Monk Strap Shoes,C10
SP0496,Open-Toe Sandals,C10
SP0497,Hiking Sandals,C10
SP0498,Loafer Sneakers,C10
SP0499,Skate Shoes,C10
SP0500,Wellington Boots,C10
SP0501,Analog Watch,C11
SP0502,Smartwatch,C11
SP0503,Dive Watch,C11
SP0504,Chronograph Watch,C11
SP0505,Dress Watch,C11
SP0506,Sports Watch,C11
SP0507,Luxury Watch,C11
SP0508,Fitness Tracker Watch,C11
SP0509,Pocket Watch,C11
SP0510,Automatic Watch,C11
SP0511,Quartz Watch,C11
SP0512,Ceramic Watch,C11
SP0513,Leather Strap Watch,C11
SP0514,Stainless Steel Watch,C11
SP0515,Smart Fitness Watch,C11
SP0516,Tactical Watch,C11
SP0517,Fashion Watch,C11
SP0518,Minimalist Watch,C11
SP0519,Hybrid Smartwatch,C11
SP0520,Field Watch,C11
SP0521,Aviator Watch,C11
SP0522,GMT Watch,C11
SP0523,Skeleton Watch,C11
SP0524,Digital Watch,C11
SP0525,Classic Watch,C11
SP0526,Ladies' Watch,C11
SP0527,Men's Watch,C11
SP0528,Unisex Watch,C11
SP0529,Smart Band,C11
SP0530,Watch Winder,C11
SP0531,Watch Strap,C11
SP0532,Smartwatch Charger,C11
SP0533,Watch Case,C11
SP0534,Dive Watch Band,C11
SP0535,Luxury Watch Box,C11
SP0536,Watch Repair Kit,C11
SP0537,Smartwatch Band,C11
SP0538,Fitness Watch Strap,C11
SP0539,Chronometer Watch,C11
SP0540,Retro Watch,C11
SP0541,Designer Watch,C11
SP0542,Solar Watch,C11
SP0543,Automatic Chronograph,C11
SP0544,Watch Battery,C11
SP0545,Watch Cleaning Kit,C11
SP0546,Smartwatch Screen Protector,C11
SP0547,Watch Travel Case,C11
SP0548,Watch Display Stand,C11
SP0549,Watch Adjustment Tool,C11
SP0550,Watch Polishing Cloth,C11
SP0551,Backpack,C12
SP0552,Suitcase,C12
SP0553,Tote Bag,C12
SP0554,Crossbody Bag,C12
SP0555,Duffel Bag,C12
SP0556,Laptop Bag,C12
SP0557,Travel Backpack,C12
SP0558,Handbag,C12
SP0559,Messenger Bag,C12
SP0560,Carry-On Luggage,C12
SP0561,Shoulder Bag,C12
SP0562,Weekender Bag,C12
SP0563,Fanny Pack,C12
SP0564,Clutch Bag,C12
SP0565,Rolling Suitcase,C12
SP0566,Gym Bag,C12
SP0567,Briefcase,C12
SP0568,Hiking Backpack,C12
SP0569,Leather Tote,C12
SP0570,Canvas Bag,C12
SP0571,Luggage Set,C12
SP0572,Travel Organizer,C12
SP0573,Diaper Bag,C12
SP0574,Beach Bag,C12
SP0575,Wallet,C12
SP0576,Laptop Sleeve,C12
SP0577,School Backpack,C12
SP0578,Business Briefcase,C12
SP0579,Camera Bag,C12
SP0580,Travel Duffel,C12
SP0581,Tactical Backpack,C12
SP0582,Drawstring Bag,C12
SP0583,Leather Handbag,C12
SP0584,Toiletry Bag,C12
SP0585,Satchel Bag,C12
SP0586,Luggage Tag,C12
SP0587,Passport Holder,C12
SP0588,Travel Wallet,C12
SP0589,Foldable Bag,C12
SP0590,Cosmetic Bag,C12
SP0591,Insulated Lunch Bag,C12
SP0592,Hydration Backpack,C12
SP0593,Pet Carrier,C12
SP0594,Anti-Theft Backpack,C12
SP0595,Hardcase Luggage,C12
SP0596,Softcase Luggage,C12
SP0597,Travel Pouch,C12
SP0598,Laundry Bag,C12
SP0599,Compression Bag,C12
SP0600,Garment Bag,C12
SP0601,Phone Case,C13
SP0602,Charger Cable,C13
SP0603,Earbuds,C13
SP0604,Screen Protector,C13
SP0605,Phone Stand,C13
SP0606,Wireless Charger,C13
SP0607,Car Mount,C13
SP0608,Selfie Stick,C13
SP0609,Phone Grip,C13
SP0610,Portable Battery,C13
SP0611,Headphone Adapter,C13
SP0612,Phone Lens Kit,C13
SP0613,Charging Dock,C13
SP0614,Phone Wallet,C13
SP0615,Bluetooth Earphones,C13
SP0616,USB-C Cable,C13
SP0617,Lightning Cable,C13
SP0618,Phone Tripod,C13
SP0619,Armband Case,C13
SP0620,Waterproof Phone Case,C13
SP0621,Phone Cleaning Kit,C13
SP0622,Wireless Earbuds,C13
SP0623,Phone Ring Holder,C13
SP0624,Pop Socket,C13
SP0625,Car Charger,C13
SP0626,Phone Camera Cover,C13
SP0627,Charging Pad,C13
SP0628,Phone Strap,C13
SP0629,Audio Splitter,C13
SP0630,Phone Sanitizer,C13
SP0631,USB Adapter,C13
SP0632,Magnetic Phone Mount,C13
SP0633,Phone Cooling Pad,C13
SP0634,Stylus Pen,C13
SP0635,Phone Holder,C13
SP0636,Wireless Headphones,C13
SP0637,Phone Armband,C13
SP0638,Clip-On Lens,C13
SP0639,Phone Charger Stand,C13
SP0640,Bluetooth Receiver,C13
SP0641,Phone Skin,C13
SP0642,Charging Station,C13
SP0643,Phone Lanyard,C13
SP0644,USB Wall Charger,C13
SP0645,Phone Desk Stand,C13
SP0646,Car Vent Mount,C13
SP0647,Phone Cable Organizer,C13
SP0648,Wireless Charging Stand,C13
SP0649,Phone Privacy Screen,C13
SP0650,Phone Battery Case,C13
SP0651,Laptop Stand,C14
SP0652,External Hard Drive,C14
SP0653,USB Mouse,C14
SP0654,Wireless Keyboard,C14
SP0655,Laptop Cooling Pad,C14
SP0656,Monitor Stand,C14
SP0657,USB Hub,C14
SP0658,Laptop Sleeve,C14
SP0659,Webcam,C14
SP0660,External SSD,C14
SP0661,Graphics Card,C14
SP0662,Desktop PC,C14
SP0663,Network Router,C14
SP0664,USB Flash Drive,C14
SP0665,HDMI Cable,C14
SP0666,Mouse Pad,C14
SP0667,External Monitor,C14
SP0668,Laptop Charger,C14
SP0669,Portable Hard Drive,C14
SP0670,Wireless Mouse,C14
SP0671,Mechanical Keyboard,C14
SP0672,Ethernet Cable,C14
SP0673,Laptop Backpack,C14
SP0674,USB-C Adapter,C14
SP0675,Card Reader,C14
SP0676,Printer Ink,C14
SP0677,External DVD Drive,C14
SP0678,Laptop Skin,C14
SP0679,Monitor Mount,C14
SP0680,USB Extension Cable,C14
SP0681,Laptop Docking Station,C14
SP0682,Power Supply Unit,C14
SP0683,Surge Protector,C14
SP0684,CPU Cooler,C14
SP0685,Internal Hard Drive,C14
SP0686,RAM Module,C14
SP0687,Sound Card,C14
SP0688,Computer Case,C14
SP0689,USB Microphone,C14
SP0690,Webcam Cover,C14
SP0691,Laptop Lock,C14
SP0692,DisplayPort Cable,C14
SP0693,Mouse Bungee,C14
SP0694,Keyboard Cover,C14
SP0695,USB Docking Station,C14
SP0696,External Speaker,C14
SP0697,Laptop Fan,C14
SP0698,Printer Cartridge,C14
SP0699,USB-C Hub,C14
SP0700,Computer Cleaning Kit,C14
SP0701,Chef's Knife,C15
SP0702,Dinner Plate,C15
SP0703,Coffee Mug,C15
SP0704,Cutting Board,C15
SP0705,Frying Pan,C15
SP0706,Glass Set,C15
SP0707,Spatula,C15
SP0708,Mixing Bowl,C15
SP0709,Saucepan,C15
SP0710,Colander,C15
SP0711,Baking Sheet,C15
SP0712,Measuring Cups,C15
SP0713,Whisk,C15
SP0714,Can Opener,C15
SP0715,Kitchen Shears,C15
SP0716,Dinner Fork,C15
SP0717,Serving Spoon,C15
SP0718,Pot,C15
SP0719,Baking Dish,C15
SP0720,Salad Bowl,C15
SP0721,Teapot,C15
SP0722,Cookie Sheet,C15
SP0723,Knife Set,C15
SP0724,Chopping Board,C15
SP0725,Grater,C15
SP0726,Peeler,C15
SP0727,Ladle,C15
SP0728,Tongs,C15
SP0729,Oven Mitt,C15
SP0730,Apron,C15
SP0731,Blender Jar,C15
SP0732,Food Storage Container,C15
SP0733,Salad Spinner,C15
SP0734,Cake Pan,C15
SP0735,Muffin Tin,C15
SP0736,Rolling Pin,C15
SP0737,Pizza Cutter,C15
SP0738,Garlic Press,C15
SP0739,Measuring Spoons,C15
SP0740,Skillet,C15
SP0741,Stock Pot,C15
SP0742,Casserole Dish,C15
SP0743,Tea Kettle,C15
SP0744,Cutting Mat,C15
SP0745,Serving Tray,C15
SP0746,Wine Glass,C15
SP0747,Tablecloth,C15
SP0748,Napkin Holder,C15
SP0749,Spice Rack,C15
SP0750,Kitchen Scale,C15
SP0751,Dog Food,C16
SP0752,Cat Litter,C16
SP0753,Pet Bed,C16
SP0754,Dog Leash,C16
SP0755,Cat Toy,C16
SP0756,Pet Carrier,C16
SP0757,Dog Collar,C16
SP0758,Pet Bowl,C16
SP0759,Fish Tank,C16
SP0760,Bird Cage,C16
SP0761,Pet Grooming Brush,C16
SP0762,Dog Shampoo,C16
SP0763,Cat Scratching Post,C16
SP0764,Pet Treats,C16
SP0765,Aquarium Filter,C16
SP0766,Bird Food,C16
SP0767,Pet Crate,C16
SP0768,Dog Toy,C16
SP0769,Pet Water Fountain,C16
SP0770,Reptile Heat Lamp,C16
SP0771,Cat Bed,C16
SP0772,Dog Harness,C16
SP0773,Fish Food,C16
SP0774,Pet Nail Clipper,C16
SP0775,Pet Waste Bags,C16
SP0776,Aquarium Gravel,C16
SP0777,Bird Perch,C16
SP0778,Pet Training Pads,C16
SP0779,Dog Chew Toy,C16
SP0780,Cat Collar,C16
SP0781,Pet Grooming Glove,C16
SP0782,Aquarium Heater,C16
SP0783,Pet ID Tag,C16
SP0784,Dog Crate,C16
SP0785,Cat Carrier,C16
SP0786,Pet Toothbrush,C16
SP0787,Fish Tank Decor,C16
SP0788,Bird Toy,C16
SP0789,Pet Flea Treatment,C16
SP0790,Reptile Substrate,C16
SP0791,Pet Water Bottle,C16
SP0792,Dog Training Clicker,C16
SP0793,Catnip Toy,C16
SP0794,Aquarium Light,C16
SP0795,Pet Cooling Mat,C16
SP0796,Pet Sweater,C16
SP0797,Small Animal Cage,C16
SP0798,Pet Food Scoop,C16
SP0799,Pet Hair Remover,C16
SP0800,Pet Travel Bowl,C16
SP0801,Car Wax,C17
SP0802,Tire Pump,C17
SP0803,Seat Cover,C17
SP0804,Car Battery,C17
SP0805,Oil Filter,C17
SP0806,Car Mat,C17
SP0807,Steering Wheel Cover,C17
SP0808,Car Air Freshener,C17
SP0809,Windshield Wiper,C17
SP0810,Car Polish,C17
SP0811,Jump Starter,C17
SP0812,Car Jack,C17
SP0813,Tire Pressure Gauge,C17
SP0814,Car Wash Soap,C17
SP0815,Car Vacuum,C17
SP0816,Car Organizer,C17
SP0817,Car Cover,C17
SP0818,Snow Chains,C17
SP0819,Car Sunshade,C17
SP0820,License Plate Frame,C17
SP0821,Car Cleaning Kit,C17
SP0822,Car Charger,C17
SP0823,Roof Rack,C17
SP0824,Car Wax Applicator,C17
SP0825,Tire Shine,C17
SP0826,Car Floor Mats,C17
SP0827,Car Seat Protector,C17
SP0828,Car Cleaning Sponge,C17
SP0829,Car Tool Kit,C17
SP0830,Car Battery Charger,C17
SP0831,Car Emergency Kit,C17
SP0832,Car Window Tint,C17
SP0833,Car Phone Holder,C17
SP0834,Car Seat Cushion,C17
SP0835,Car Cleaning Gel,C17
SP0836,Car Trash Can,C17
SP0837,Car Roof Bag,C17
SP0838,Car Jump Cable,C17
SP0839,Car Tire Repair Kit,C17
SP0840,Car Paint Touch-Up,C17
SP0841,Car Headlight Bulb,C17
SP0842,Car Fog Light,C17
SP0843,Car Antenna,C17
SP0844,Car Alarm System,C17
SP0845,Car Seat Belt,C17
SP0846,Car GPS Tracker,C17
SP0847,Car Cup Holder,C17
SP0848,Car Interior Light,C17
SP0849,Car Wheel Cover,C17
SP0850,Car Cleaning Brush,C17
SP0851,Acoustic Guitar,C18
SP0852,Drum Sticks,C18
SP0853,Violin Bow,C18
SP0854,Trumpet,C18
SP0855,Flute,C18
SP0856,Piano Bench,C18
SP0857,Guitar Strings,C18
SP0858,Harmonica,C18
SP0859,Saxophone,C18
SP0860,Music Stand,C18
SP0861,Metronome,C18
SP0862,Guitar Tuner,C18
SP0863,Drum Pad,C18
SP0864,Clarinet,C18
SP0865,Violin Strings,C18
SP0866,Guitar Case,C18
SP0867,Microphone Stand,C18
SP0868,Keyboard Cover,C18
SP0869,Drum Throne,C18
SP0870,Guitar Strap,C18
SP0871,Oboe,C18
SP0872,Cello Bow,C18
SP0873,Trombone,C18
SP0874,Music Sheet Holder,C18
SP0875,Guitar Pick,C18
SP0876,Flute Case,C18
SP0877,Saxophone Reeds,C18
SP0878,Drum Brushes,C18
SP0879,Violin Case,C18
SP0880,Midi Controller,C18
SP0881,Tuba,C18
SP0882,Guitar Amplifier,C18
SP0883,Drum Cymbals,C18
SP0884,Music Stand Light,C18
SP0885,Guitar Capo,C18
SP0886,Clarinet Reeds,C18
SP0887,Banjo Strings,C18
SP0888,Drumsticks Holder,C18
SP0889,Violin Rosin,C18
SP0890,Guitar Bridge Pins,C18
SP0891,French Horn,C18
SP0892,Mandolin,C18
SP0893,Bass Guitar Strings,C18
SP0894,Drum Tuning Key,C18
SP0895,Harp,C18
SP0896,Flute Cleaning Rod,C18
SP0897,Saxophone Strap,C18
SP0898,Music Theory Book,C18
SP0899,Guitar Wall Mount,C18
SP0900,Drum Practice Pad,C18
SP0901,Vitamin Supplement,C19
SP0902,Yoga Block,C19
SP0903,Essential Oil,C19
SP0904,Massage Roller,C19
SP0905,Herbal Tea,C19
SP0906,Sleep Mask,C19
SP0907,Meditation Cushion,C19
SP0908,Aromatherapy Diffuser,C19
SP0909,Fitness Journal,C19
SP0910,Water Bottle,C19
SP0911,Protein Powder,C19
SP0912,Resistance Loop Bands,C19
SP0913,Health Monitor,C19
SP0914,Posture Corrector,C19
SP0915,Acupressure Mat,C19
SP0916,Foot Massager,C19
SP0917,Sauna Blanket,C19
SP0918,Meditation App Subscription,C19
SP0919,Stress Ball,C19
SP0920,Sleep Aid Supplement,C19
SP0921,Wellness Journal,C19
SP0922,Yoga Strap,C19
SP0923,Detox Tea,C19
SP0924,Body Massager,C19
SP0925,Heating Pad,C19
SP0926,Cold Therapy Pack,C19
SP0927,Air Purifier,C19
SP0928,Humidifier,C19
SP0929,Light Therapy Lamp,C19
SP0930,Weighted Blanket,C19
SP0931,Foam Roller,C19
SP0932,Health Tracker,C19
SP0933,Neck Massager,C19
SP0934,Herbal Supplement,C19
SP0935,Yoga Wheel,C19
SP0936,Sleep Tracker,C19
SP0937,Back Stretcher,C19
SP0938,Meditation Bench,C19
SP0939,Essential Oil Blend,C19
SP0940,Reflexology Tool,C19
SP0941,Wellness Book,C19
SP0942,Hydration Pack,C19
SP0943,Anti-Slip Yoga Mat,C19
SP0944,Infrared Sauna,C19
SP0945,Health App Subscription,C19
SP0946,Muscle Rub,C19
SP0947,Relaxation CD,C19
SP0948,Foot Spa,C19
SP0949,Wellness Planner,C19
SP0950,Scented Candle,C19
SP0951,Notebook,C20
SP0952,Ballpoint Pen,C20
SP0953,Stapler,C20
SP0954,Paper Clips,C20
SP0955,Sticky Notes,C20
SP0956,Desk Organizer,C20
SP0957,File Folder,C20
SP0958,Highlighter,C20
SP0959,Scissors,C20
SP0960,Tape Dispenser,C20
SP0961,Calculator,C20
SP0962,Whiteboard Marker,C20
SP0963,Paper Shredder,C20
SP0964,Letter Opener,C20
SP0965,Clipboard,C20
SP0966,Push Pins,C20
SP0967,Index Cards,C20
SP0968,Binding Machine,C20
SP0969,Laminator,C20
SP0970,File Cabinet,C20
SP0971,Desk Calendar,C20
SP0972,Planner,C20
SP0973,Correction Tape,C20
SP0974,Glue Stick,C20
SP0975,Staple Remover,C20
SP0976,Paper Cutter,C20
SP0977,Label Maker,C20
SP0978,File Box,C20
SP0979,Desk Mat,C20
SP0980,Pen Holder,C20
SP0981,Envelope,C20
SP0982,Notepad,C20
SP0983,Whiteboard Eraser,C20
SP0984,Card Holder,C20
SP0985,Desk Lamp,C20
SP0986,Office Chair,C20
SP0987,File Organizer,C20
SP0988,Paperweight,C20
SP0989,Bookend,C20
SP0990,Letter Tray,C20
SP0991,Sticky Note Dispenser,C20
SP0992,Office Clock,C20
SP0993,Pen Refill,C20
SP0994,Document Holder,C20
SP0995,Desk Fan,C20
SP0996,Paper Punch,C20
SP0997,File Divider,C20
SP0998,Office Bin,C20
SP0999,Wall Planner,C20
SP1000,Clipboard Folder,C20
SP1001,Necklace,C21
SP1002,Earrings,C21
SP1003,Bracelet,C21
SP1004,Ring,C21
SP1005,Pendant,C21
SP1006,Anklet,C21
SP1007,Brooch,C21
SP1008,Charm Bracelet,C21
SP1009,Cufflinks,C21
SP1010,Tie Pin,C21
SP1011,Choker,C21
SP1012,Locket,C21
SP1013,Ear Cuff,C21
SP1014,Bangle,C21
SP1015,Hoop Earrings,C21
SP1016,Stud Earrings,C21
SP1017,Drop Earrings,C21
SP1018,Chain Necklace,C21
SP1019,Beaded Necklace,C21
SP1020,Gemstone Ring,C21
SP1021,Wedding Band,C21
SP1022,Engagement Ring,C21
SP1023,Signet Ring,C21
SP1024,Pearl Necklace,C21
SP1025,Charm Necklace,C21
SP1026,Statement Necklace,C21
SP1027,Dangle Earrings,C21
SP1028,Cluster Earrings,C21
SP1029,Arm Cuff,C21
SP1030,Toe Ring,C21
SP1031,Hairpin,C21
SP1032,Jewelry Box,C21
SP1033,Jewelry Cleaner,C21
SP1034,Beaded Bracelet,C21
SP1035,Leather Bracelet,C21
SP1036,Gold Necklace,C21
SP1037,Silver Ring,C21
SP1038,Diamond Earrings,C21
SP1039,Pearl Earrings,C21
SP1040,Crystal Necklace,C21
SP1041,Stacking Ring,C21
SP1042,Charm Pendant,C21
SP1043,Ankle Bracelet,C21
SP1044,Jewelry Organizer,C21
SP1045,Gold Bracelet,C21
SP1046,Silver Earrings,C21
SP1047,Jewelry Travel Case,C21
SP1048,Custom Necklace,C21
SP1049,Vintage Brooch,C21
SP1050,Statement Ring,C21
SP1051,Diapers,C22
SP1052,Baby Bottle,C22
SP1053,Stroller,C22
SP1054,Crib,C22
SP1055,Car Seat,C22
SP1056,Baby Monitor,C22
SP1057,High Chair,C22
SP1058,Baby Blanket,C22
SP1059,Pacifier,C22
SP1060,Baby Carrier,C22
SP1061,Changing Pad,C22
SP1062,Baby Wipes,C22
SP1063,Bottle Sterilizer,C22
SP1064,Baby Food Maker,C22
SP1065,Swaddle Blanket,C22
SP1066,Baby Bath Tub,C22
SP1067,Baby Shampoo,C22
SP1068,Diaper Bag,C22
SP1069,Baby Lotion,C22
SP1070,Bottle Warmer,C22
SP1071,Baby Bib,C22
SP1072,Teething Ring,C22
SP1073,Baby Socks,C22
SP1074,Playpen,C22
SP1075,Baby Rattle,C22
SP1076,Baby Mobile,C22
SP1077,Diaper Cream,C22
SP1078,Baby Thermometer,C22
SP1079,Baby Nail Clipper,C22
SP1080,Breast Pump,C22
SP1081,Baby Swing,C22
SP1082,Walker,C22
SP1083,Bouncer,C22
SP1084,Baby Toothbrush,C22
SP1085,Feeding Spoon,C22
SP1086,Baby Sippy Cup,C22
SP1087,Baby Food Pouch,C22
SP1088,Baby Bottle Brush,C22
SP1089,Baby Changing Table,C22
SP1090,Baby Safety Gate,C22
SP1091,Baby Play Mat,C22
SP1092,Baby Hooded Towel,C22
SP1093,Baby Sleep Sack,C22
SP1094,Baby Mittens,C22
SP1095,Baby Bottle Holder,C22
SP1096,Baby Diaper Pail,C22
SP1097,Baby Food Storage,C22
SP1098,Baby Nasal Aspirator,C22
SP1099,Baby Hairbrush,C22
SP1100,Baby Training Pants,C22
SP1101,Garden Trowel,C23
SP1102,Patio Chair,C23
SP1103,BBQ Grill,C23
SP1104,Garden Hose,C23
SP1105,Lawn Mower,C23
SP1106,Pruning Shears,C23
SP1107,Watering Can,C23
SP1108,Outdoor Table,C23
SP1109,Plant Pot,C23
SP1110,Garden Gloves,C23
SP1111,Hedge Trimmer,C23
SP1112,Leaf Blower,C23
SP1113,Garden Rake,C23
SP1114,Shovel,C23
SP1115,Wheelbarrow,C23
SP1116,Patio Umbrella,C23
SP1117,Outdoor Cushion,C23
SP1118,Garden Sprinkler,C23
SP1119,Compost Bin,C23
SP1120,Plant Stand,C23
SP1121,Garden Bench,C23
SP1122,Outdoor Lantern,C23
SP1123,Potting Soil,C23
SP1124,Garden Fork,C23
SP1125,Weed Trimmer,C23
SP1126,Outdoor Rug,C23
SP1127,Garden Trellis,C23
SP1128,Planter Box,C23
SP1129,Outdoor Heater,C23
SP1130,Garden Light,C23
SP1131,Patio Sofa,C23
SP1132,Fire Pit,C23
SP1133,Garden Spade,C23
SP1134,Outdoor Swing,C23
SP1135,Hammock,C23
SP1136,Greenhouse Kit,C23
SP1137,Garden Kneeler,C23
SP1138,Outdoor Storage Box,C23
SP1139,Plant Fertilizer,C23
SP1140,Garden Tool Set,C23
SP1141,Outdoor Bar Set,C23
SP1142,Lawn Edger,C23
SP1143,Garden Cart,C23
SP1144,Outdoor Dining Set,C23
SP1145,Patio Cover,C23
SP1146,Garden Sprayer,C23
SP1147,Outdoor Fan,C23
SP1148,Plant Support,C23
SP1149,Garden Netting,C23
SP1150,Outdoor Daybed,C23
SP1151,Wall Art,C24
SP1152,Table Lamp,C24
SP1153,Decorative Pillow,C24
SP1154,Area Rug,C24
SP1155,Curtains,C24
SP1156,Picture Frame,C24
SP1157,Wall Clock,C24
SP1158,Candle Holder,C24
SP1159,Vase,C24
SP1160,Mirror,C24
SP1161,Throw Blanket,C24
SP1162,Wall Shelf,C24
SP1163,Decorative Tray,C24
SP1164,Plant Holder,C24
SP1165,Photo Album,C24
SP1166,Wall Decal,C24
SP1167,Sculpture,C24
SP1168,Table Runner,C24
SP1169,Bookend,C24
SP1170,Wall Hanging,C24
SP1171,Cushion Cover,C24
SP1172,Decorative Bowl,C24
SP1173,Floor Lamp,C24
SP1174,Wall Mirror,C24
SP1175,Figurine,C24
SP1176,Coaster Set,C24
SP1177,Decorative Box,C24
SP1178,Wall Sconce,C24
SP1179,Curtain Rod,C24
SP1180,Tablecloth,C24
SP1181,Door Mat,C24
SP1182,Room Divider,C24
SP1183,Decorative Basket,C24
SP1184,Wall Tapestry,C24
SP1185,Candle,C24
SP1186,Artificial Plant,C24
SP1187,Photo Frame,C24
SP1188,Decorative Jar,C24
SP1189,Wall Plaque,C24
SP1190,Lamp Shade,C24
SP1191,Decorative Lantern,C24
SP1192,Throw Pillow,C24
SP1193,Wall Art Print,C24
SP1194,Decorative Vase,C24
SP1195,Table Centerpiece,C24
SP1196,Wall Organizer,C24
SP1197,Decorative Clock,C24
SP1198,Picture Holder,C24
SP1199,Decorative Sign,C24
SP1200,Accent Rug,C24
SP1201,Travel Pillow,C25
SP1202,Luggage Tag,C25
SP1203,Passport Holder,C25
SP1204,Travel Adapter,C25
SP1205,Compression Socks,C25
SP1206,Travel Blanket,C25
SP1207,Neck Pillow,C25
SP1208,Travel Lock,C25
SP1209,Portable Charger,C25
SP1210,Travel Wallet,C25
SP1211,Luggage Scale,C25
SP1212,Travel Organizer,C25
SP1213,Toiletry Bag,C25
SP1214,Travel Towel,C25
SP1215,Earplugs,C25
SP1216,Sleep Mask,C25
SP1217,Travel Pouch,C25
SP1218,Foldable Backpack,C25
SP1219,Travel Umbrella,C25
SP1220,Luggage Strap,C25
SP1221,Travel Bottle Set,C25
SP1222,Portable Fan,C25
SP1223,Travel Journal,C25
SP1224,Waterproof Bag,C25
SP1225,Travel Laundry Bag,C25
SP1226,Portable Safe,C25
SP1227,Travel Shoe Bag,C25
SP1228,Travel Mirror,C25
SP1229,Collapsible Cup,C25
SP1230,Travel Cutlery,C25
SP1231,Travel Headphones,C25
SP1232,Luggage Cover,C25
SP1233,Travel First Aid Kit,C25
SP1234,Travel Power Strip,C25
SP1235,Travel Clothesline,C25
SP1236,Portable Water Bottle,C25
SP1237,Travel Document Holder,C25
SP1238,Travel Alarm Clock,C25
SP1239,Travel Earbuds,C25
SP1240,Travel Sewing Kit,C25
SP1241,Travel Hairbrush,C25
SP1242,Travel Toothbrush,C25
SP1243,Travel Soap Case,C25
SP1244,Travel Hanger,C25
SP1245,Travel Shoe Horn,C25
SP1246,Travel Bottle Opener,C25
SP1247,Travel Pillow Case,C25
SP1248,Travel Raincoat,C25
SP1249,Travel Flashlight,C25
SP1250,Travel Power Bank,C25
SP1251,Acrylic Paint,C26
SP1252,Sketchbook,C26
SP1253,Sewing Kit,C26
SP1254,Canvas Board,C26
SP1255,Paintbrush Set,C26
SP1256,Watercolor Paper,C26
SP1257,Colored Pencils,C26
SP1258,Markers,C26
SP1259,Clay,C26
SP1260,Fabric Scissors,C26
SP1261,Embroidery Hoop,C26
SP1262,Knitting Needles,C26
SP1263,Crochet Hook,C26
SP1264,Sketch Pencils,C26
SP1265,Charcoal Sticks,C26
SP1266,Oil Paint,C26
SP1267,Watercolor Set,C26
SP1268,Calligraphy Pen,C26
SP1269,Scrapbook Paper,C26
SP1270,Glue Gun,C26
SP1271,Beads,C26
SP1272,Felt Sheets,C26
SP1273,Yarn,C26
SP1274,Embroidery Thread,C26
SP1275,Paint Palette,C26
SP1276,Canvas Roll,C26
SP1277,Modeling Clay,C26
SP1278,Stencils,C26
SP1279,Craft Foam,C26
SP1280,Glitter,C26
SP1281,Origami Paper,C26
SP1282,Quilling Kit,C26
SP1283,Brush Pens,C26
SP1284,Fabric Paint,C26
SP1285,Sewing Thread,C26
SP1286,Needle Set,C26
SP1287,Sketch Pad,C26
SP1288,Acrylic Brushes,C26
SP1289,Watercolor Brushes,C26
SP1290,Craft Knife,C26
SP1291,Paper Cutter,C26
SP1292,Clay Tools,C26
SP1293,Stamp Set,C26
SP1294,Ink Pads,C26
SP1295,Craft Tape,C26
SP1296,Scrapbook Stickers,C26
SP1297,Art Easel,C26
SP1298,Calligraphy Ink,C26
SP1299,Craft Scissors,C26
SP1300,Art Portfolio,C26
SP1301,Balloons,C27
SP1302,Party Hats,C27
SP1303,Streamers,C27
SP1304,Paper Plates,C27
SP1305,Plastic Cups,C27
SP1306,Tablecloth,C27
SP1307,Party Napkins,C27
SP1308,Banners,C27
SP1309,Confetti,C27
SP1310,Party Favors,C27
SP1311,Cake Topper,C27
SP1312,Party Invitations,C27
SP1313,Paper Straws,C27
SP1314,Party Balloons,C27
SP1315,Gift Bags,C27
SP1316,Party Lights,C27
SP1317,Candles,C27
SP1318,Party Masks,C27
SP1319,Photo Booth Props,C27
SP1320,Party Games,C27
SP1321,Disposable Cutlery,C27
SP1322,Party Decorations,C27
SP1323,Cupcake Liners,C27
SP1324,Party Banner,C27
SP1325,Gift Wrap,C27
SP1326,Party Tableware,C27
SP1327,Helium Tank,C27
SP1328,Party Horns,C27
SP1329,Pinata,C27
SP1330,Party Backdrop,C27
SP1331,Themed Plates,C27
SP1332,Party Ribbons,C27
SP1333,Party Centerpiece,C27
SP1334,Party Lanterns,C27
SP1335,Party Signs,C27
SP1336,Confetti Balloons,C27
SP1337,Party Streamers,C27
SP1338,Garland,C27
SP1339,Party Candles,C27
SP1340,Party Bags,C27
SP1341,Themed Cups,C27
SP1342,Party Table Runner,C27
SP1343,Party Sparklers,C27
SP1344,Party Coasters,C27
SP1345,Party Placemats,C27
SP1346,Party Stickers,C27
SP1347,Party Balloons Set,C27
SP1348,Party Confetti Cannon,C27
SP1349,Party Table Skirt,C27
SP1350,Party Gift Tags,C27
SP1351,Tripod,C28
SP1352,Camera Bag,C28
SP1353,Lens Filter,C28
SP1354,Camera Strap,C28
SP1355,Memory Card,C28
SP1356,Lens Cap,C28
SP1357,Camera Battery,C28
SP1358,Lens Cleaner,C28
SP1359,Flash Diffuser,C28
SP1360,Light Stand,C28
SP1361,Softbox,C28
SP1362,Camera Tripod,C28
SP1363,Lens Hood,C28
SP1364,Remote Shutter,C28
SP1365,Photo Reflector,C28
SP1366,Camera Cleaning Kit,C28
SP1367,Backdrop Stand,C28
SP1368,Studio Light,C28
SP1369,Camera Case,C28
SP1370,Lens Adapter,C28
SP1371,Flash Trigger,C28
SP1372,Camera Mount,C28
SP1373,Photo Printer,C28
SP1374,Light Meter,C28
SP1375,Camera Grip,C28
SP1376,Lens Pouch,C28
SP1377,Photo Album,C28
SP1378,Camera Filter Set,C28
SP1379,Tripod Head,C28
SP1380,Monopod,C28
SP1381,Light Diffuser,C28
SP1382,Camera Backpack,C28
SP1383,Lens Cleaning Pen,C28
SP1384,Photo Studio Kit,C28
SP1385,Camera Rain Cover,C28
SP1386,Flash Battery Pack,C28
SP1387,Light Stand Bag,C28
SP1388,Camera Slider,C28
SP1389,Photo Frame,C28
SP1390,Lens Case,C28
SP1391,Camera Stabilizer,C28
SP1392,Light Reflector,C28
SP1393,Photo Backdrop,C28
SP1394,Camera Charger,C28
SP1395,Lens Filter Holder,C28
SP1396,Studio Umbrella,C28
SP1397,Camera Remote,C28
SP1398,Photo Editing Software,C28
SP1399,Camera Lens Cloth,C28
SP1400,Tripod Bag,C28
SP1401,Treadmill,C29
SP1402,Resistance Bands,C29
SP1403,Kettlebells,C29
SP1404,Yoga Mat,C29
SP1405,Exercise Bike,C29
SP1406,Dumbbells,C29
SP1407,Weight Bench,C29
SP1408,Pull-Up Bar,C29
SP1409,Foam Roller,C29
SP1410,Jump Rope,C29
SP1411,Ab Roller,C29
SP1412,Medicine Ball,C29
SP1413,Battle Rope,C29
SP1414,Rowing Machine,C29
SP1415,Step Platform,C29
SP1416,Gym Ball,C29
SP1417,Ankle Weights,C29
SP1418,Power Rack,C29
SP1419,Barbell,C29
SP1420,Weight Plates,C29
SP1421,Exercise Mat,C29
SP1422,Fitness Tracker,C29
SP1423,Yoga Block,C29
SP1424,Balance Board,C29
SP1425,Hand Gripper,C29
SP1426,Push-Up Bars,C29
SP1427,Agility Ladder,C29
SP1428,Speed Bag,C29
SP1429,Boxing Gloves,C29
SP1430,Treadmill Mat,C29
SP1431,Fitness Gloves,C29
SP1432,Yoga Strap,C29
SP1433,Weightlifting Belt,C29
SP1434,Core Slider,C29
SP1435,Suspension Trainer,C29
SP1436,Stability Ball,C29
SP1437,Fitness Stepper,C29
SP1438,Gym Chalk,C29
SP1439,Exercise Bands,C29
SP1440,Weighted Vest,C29
SP1441,Fitness Roller,C29
SP1442,Power Tower,C29
SP1443,Leg Press Machine,C29
SP1444,Smith Machine,C29
SP1445,Adjustable Dumbbell,C29
SP1446,Fitness Monitor,C29
SP1447,Workout Bench,C29
SP1448,Kettlebell Set,C29
SP1449,Resistance Tube,C29
SP1450,Gym Timer,C29
SP1451,All-Purpose Cleaner,C30
SP1452,Microfiber Cloth,C30
SP1453,Vacuum Cleaner,C30
SP1454,Broom,C30
SP1455,Dustpan,C
SP1456,Floor Mop,C30
SP1457,Glass Cleaner,C30
SP1458,Disinfectant Spray,C30
SP1459,Sponge,C30
SP1460,Scrub Brush,C30
SP1461,Toilet Bowl Cleaner,C30
SP1462,Trash Bags,C30
SP1463,Dish Soap,C30
SP1464,Laundry Detergent,C30
SP1465,Fabric Softener,C30
SP1466,Stain Remover,C30
SP1467,Cleaning Gloves,C30
SP1468,Bucket,C30
SP1469,Floor Polish,C30
SP1470,Carpet Cleaner,C30
SP1471,Window Squeegee,C30
SP1472,Oven Cleaner,C30
SP1473,Air Freshener,C30
SP1474,Drain Cleaner,C30
SP1475,Furniture Polish,C30
SP1476,Steel Wool,C30
SP1477,Microfiber Duster,C30
SP1478,Toilet Brush,C30
SP1479,Dish Scrubber,C30
SP1480,Lint Roller,C30
SP1481,Disinfectant Wipes,C30
SP1482,Tile Cleaner,C30
SP1483,Grout Brush,C30
SP1484,Upholstery Cleaner,C30
SP1485,Multi-Surface Cleaner,C30
SP1486,Cleaning Caddy,C30
SP1487,Mop Refill,C30
SP1488,Dust Cloth,C30
SP1489,Carpet Stain Remover,C30
SP1490,Bathroom Cleaner,C30
SP1491,Showerhead Cleaner,C30
SP1492,Wall Cleaner,C30
SP1493,Trash Can Liner,C30
SP1494,Wood Cleaner,C30
SP1495,Stainless Steel Cleaner,C30
SP1496,Feather Duster,C30
SP1497,Cleaning Apron,C30
SP1498,Mildew Remover,C30
SP1499,Liquid Detergent,C30
SP1500,Dishwasher Pods,C30
SP1501,First Aid Kit,C31
SP1502,Bandages,C31
SP1503,Antiseptic Wipes,C31
SP1504,Gauze Pads,C31
SP1505,Medical Tape,C31
SP1506,Pain Reliever,C31
SP1507,Cold Medicine,C31
SP1508,Thermometer,C31
SP1509,Heating Pad,C31
SP1510,Cold Pack,C31
SP1511,Cough Syrup,C31
SP1512,Allergy Relief,C31
SP1513,Eye Drops,C31
SP1514,Nasal Spray,C31
SP1515,Adhesive Bandages,C31
SP1516,Alcohol Swabs,C31
SP1517,Splint,C31
SP1518,Burn Cream,C31
SP1519,Antibiotic Ointment,C31
SP1520,Medical Scissors,C31
SP1521,Glucose Monitor,C31
SP1522,Blood Pressure Monitor,C31
SP1523,Pulse Oximeter,C31
SP1524,Inhaler Spacer,C31
SP1525,Elastic Bandage,C31
SP1526,Hydrogen Peroxide,C31
SP1527,Cotton Swabs,C31
SP1528,Medical Gloves,C31
SP1529,Tongue Depressor,C31
SP1530,Hot Water Bottle,C31
SP1531,Crutches,C31
SP1532,Walker,C31
SP1533,Wheelchair,C31
SP1534,Hearing Aid Battery,C31
SP1535,Orthopedic Brace,C31
SP1536,Compression Socks,C31
SP1537,Incontinence Pads,C31
SP1538,Medical Mask,C31
SP1539,Hand Sanitizer,C31
SP1540,Sunscreen Lotion,C31
SP1541,Muscle Rub,C31
SP1542,Anti-Itch Cream,C31
SP1543,Wound Dressing,C31
SP1544,Ear Plugs,C31
SP1545,Sleep Aid Pills,C31
SP1546,Nasal Strips,C31
SP1547,Foot Powder,C31
SP1548,Lice Treatment,C31
SP1549,First Aid Manual,C31
SP1550,Medical Thermometer,C31
SP1551,Power Drill,C32
SP1552,Screwdriver Set,C32
SP1553,Hammer,C32
SP1554,Measuring Tape,C32
SP1555,Level,C32
SP1556,Wrench Set,C32
SP1557,Pliers,C32
SP1558,Utility Knife,C32
SP1559,Toolbox,C32
SP1560,Cordless Drill,C32
SP1561,Hacksaw,C32
SP1562,Stud Finder,C32
SP1563,Tape Measure,C32
SP1564,Socket Set,C32
SP1565,Drill Bits,C32
SP1566,Screw Set,C32
SP1567,Nail Gun,C32
SP1568,Tool Belt,C32
SP1569,Crowbar,C32
SP1570,Adjustable Wrench,C32
SP1571,Wire Cutter,C32
SP1572,Safety Glasses,C32
SP1573,Work Gloves,C32
SP1574,Power Saw,C32
SP1575,Angle Grinder,C32
SP1576,Sanding Block,C32
SP1577,Paint Roller,C32
SP1578,Chisel Set,C32
SP1579,Clamps,C32
SP1580,Step Ladder,C32
SP1581,Extension Cord,C32
SP1582,Flashlight,C32
SP1583,Tool Organizer,C32
SP1584,Caulking Gun,C32
SP1585,Wire Stripper,C32
SP1586,Paintbrush,C32
SP1587,Plumb Bob,C32
SP1588,Hand Saw,C32
SP1589,Tape Dispenser,C32
SP1590,Hex Key Set,C32
SP1591,Safety Helmet,C32
SP1592,Staple Gun,C32
SP1593,Putty Knife,C32
SP1594,Tool Cart,C32
SP1595,Mallet,C32
SP1596,Drill Bit Sharpener,C32
SP1597,Workbench,C32
SP1598,Power Sander,C32
SP1599,Locking Pliers,C32
SP1600,Tool Bag,C32
SP1601,Table Lamp,C33
SP1602,Floor Lamp,C33
SP1603,LED Bulb,C33
SP1604,Ceiling Light,C33
SP1605,Wall Sconce,C33
SP1606,Desk Lamp,C33
SP1607,Chandelier,C33
SP1608,Track Lighting,C33
SP1609,Pendant Light,C33
SP1610,Recessed Light,C33
SP1611,Lamp Shade,C33
SP1612,Smart Bulb,C33
SP1613,Outdoor Lantern,C33
SP1614,String Lights,C33
SP1615,Spotlight,C33
SP1616,Night Light,C33
SP1617,Flood Light,C33
SP1618,Under-Cabinet Light,C33
SP1619,Dimmer Switch,C33
SP1620,Light Switch Cover,C33
SP1621,LED Strip Light,C33
SP1622,Tabletop Lantern,C33
SP1623,Bedside Lamp,C33
SP1624,Wall Light,C33
SP1625,Ceiling Fan Light,C33
SP1626,Clip-On Lamp,C33
SP1627,Solar Garden Light,C33
SP1628,Motion Sensor Light,C33
SP1629,Task Light,C33
SP1630,Bulb Socket,C33
SP1631,Lamp Cord,C33
SP1632,Light Fixture,C33
SP1633,Patio Light,C33
SP1634,Emergency Light,C33
SP1635,Reading Light,C33
SP1636,Outdoor Flood Light,C33
SP1637,Candle Bulb,C33
SP1638,Smart Light Switch,C33
SP1639,Decorative Bulb,C33
SP1640,Light Timer,C33
SP1641,Pathway Light,C33
SP1642,Desk Light,C33
SP1643,Wall-Mounted Lamp,C33
SP1644,LED Panel Light,C33
SP1645,Porch Light,C33
SP1646,Lamp Base,C33
SP1647,Light Diffuser,C33
"SP '""'1648",Security Light,C33
SP1649,Battery-Powered Lamp,C33
SP1650,Light Extension Cord,C33
SP1651,Textbook,C34
SP1652,Notebook,C34
SP1653,Scientific Calculator,C34
SP1654,Graph Paper,C34
SP1655,Backpack,C34
SP1656,Pen Set,C34
SP1657,Pencil Case,C34
SP1658,Highlighter Set,C34
SP1659,Index Cards,C34
SP1660,Sticky Notes,C34
SP1661,Planner,C34
SP1662,Study Guide,C34
SP1663,Flashcards,C34
SP1664,Laptop Stand,C34
SP1665,Desk Organizer,C34
SP1666,Book Stand,C34
SP1667,Whiteboard,C34
SP1668,Dry Erase Markers,C34
SP1669,File Folder,C34
SP1670,Binders,C34
SP1671,Divider Tabs,C34
SP1672,Graphing Calculator,C34
SP1673,Protractor,C34
SP1674,Compass,C34
SP1675,Ruler,C34
SP1676,Notebook Paper,C34
SP1677,Clipboard,C34
SP1678,Lab Notebook,C34
SP1679,Study Lamp,C34
SP1680,Book Cover,C34
SP1681,Reference Book,C34
SP1682,Dictionary,C34
SP1683,Thesaurus,C34
SP1684,Study Planner,C34
SP1685,Flash Drive,C34
SP1686,Laptop Sleeve,C34
SP1687,Note Cards,C34
SP1688,Study Timer,C34
SP1689,Desk Mat,C34
SP1690,Paper Clips,C34
SP1691,Stapler,C34
SP1692,Correction Tape,C34
SP1693,Highlighter Pens,C34
SP1694,Book Bag,C34
SP1695,Study Journal,C34
SP1696,Erasers,C34
SP1697,Mechanical Pencils,C34
SP1698,Notebook Dividers,C34
SP1699,Book Light,C34
SP1700,Study Desk,C34
SP1701,Tent,C35
SP1702,Sleeping Bag,C35
SP1703,Camping Chair,C35
SP1704,Portable Stove,C35
SP1705,Cooler,C35
SP1706,Headlamp,C35
SP1707,Camping Lantern,C35
SP1708,Hiking Backpack,C35
SP1709,Water Filter,C35
SP1710,Sleeping Pad,C35
SP1711,Camp Table,C35
SP1712,Multi-Tool,C35
SP1713,Fire Starter,C35
SP1714,Camping Hammock,C35
SP1715,Portable Grill,C35
SP1716,Trekking Poles,C35
SP1717,Water Bottle,C35
SP1718,First Aid Kit,C35
SP1719,Insect Repellent,C35
SP1720,Camp Cookware,C35
SP1721,Folding Shovel,C35
SP1722,Compass,C35
SP1723,Map Case,C35
SP1724,Survival Blanket,C35
SP1725,Paracord,C35
SP1726,Camping Pillow,C35
SP1727,Tarp,C35
SP1728,Rainfly,C35
SP1729,Camp Axe,C35
SP1730,Waterproof Matches,C35
SP1731,Portable Fan,C35
SP1732,Camping Mug,C35
SP1733,Insulated Bottle,C35
SP1734,Folding Knife,C35
SP1735,Camp Stove Fuel,C35
SP1736,Portable Toilet,C35
SP1737,Waterproof Bag,C35
SP1738,Camp Spork,C35
SP1739,Solar Charger,C35
SP1740,Camping Kettle,C35
SP1741,Hand Warmer,C35
SP1742,Whistle,C35
SP1743,Camp Rope,C35
SP1744,Binoculars,C35
SP1745,Portable Shower,C35
SP1746,Camp Light,C35
SP1747,Sleeping Bag Liner,C35
SP1748,Camp Saw,C35
SP1749,Water Purifier,C35
SP1750,Camping Mat,C35
SP1751,Board Game,C36
SP1752,Card Game,C36
SP1753,Puzzle,C36
SP1754,Chess Set,C36
SP1755,Monopoly,C36
SP1756,Scrabble,C36
SP1757,Playing Cards,C36
SP1758,Jigsaw Puzzle,C36
SP1759,Trivia Game,C36
SP1760,Strategy Game,C36
SP1761,Checkers,C36
SP1762,Backgammon,C36
SP1763,Dominoes,C36
SP1764,Word Game,C36
SP1765,Party Game,C36
SP1766,Tile Game,C36
SP1767,Dice Game,C36
SP1768,Card Deck,C36
SP1769,Family Game,C36
SP1770,Cooperative Game,C36
SP1771,Memory Game,C36
SP1772,Trivia Cards,C36
SP1773,Board Game Expansion,C36
SP1774,Role-Playing Game,C36
SP1775,Abstract Game,C36
SP1776,Travel Game,C36
SP1777,Card Holder,C36
SP1778,Dice Set,C36
SP1779,Game Timer,C36
SP1780,Puzzle Mat,C36
SP1781,Game Pieces,C36
SP1782,Card Sleeves,C36
SP1783,Game Organizer,C36
SP1784,Chess Clock,C36
SP1785,Game Board,C36
SP1786,Trivia Book,C36
SP1787,Strategy Guide,C36
SP1788,Game Dice,C36
SP1789,Card Shuffler,C36
SP1790,Game Tokens,C36
SP1791,Puzzle Frame,C36
SP1792,Game Mat,C36
SP1793,Card Box,C36
SP1794,Game Storage,C36
SP1795,Dice Tray,C36
SP1796,Game Score Pad,C36
SP1797,Card Game Expansion,C36
SP1798,Portable Chess,C36
SP1799,Game Bag,C36
SP1800,Tabletop Game,C36
SP1801,Textured Paint,C37
SP1802,Wall Primer,C37
SP1803,Paint Roller,C37
SP1804,Paintbrush Set,C37
SP1805,Paint Tray,C37
SP1806,Drop Cloth,C37
SP1807,Painter's Tape,C37
SP1808,Wall Paint,C37
SP1809,Ceiling Paint,C37
SP1810,Exterior Paint,C37
SP1811,Interior Paint,C37
SP1812,Spray Paint,C37
SP1813,Paint Thinner,C37
SP1814,Paint Scraper,C37
SP1815,Sandpaper,C37
SP1816,Paint Can Opener,C37
SP1817,Wall Filler,C37
SP1818,Putty Knife,C37
SP1819,Paint Edger,C37
SP1820,Paint Sprayer,C37
SP1821,Primer Sealer,C37
SP1822,Gloss Paint,C37
SP1823,Matte Paint,C37
SP1824,Satin Paint,C37
SP1825,Latex Paint,C37
SP1826,Oil-Based Paint,C37
SP1827,Paint Stirrer,C37
SP1828,Color Sample,C37
SP1829,Paint Roller Cover,C37
SP1830,Paint Grid,C37
SP1831,Wall Stencil,C37
SP1832,Paint Cleaner,C37
SP1833,Extension Pole,C37
SP1834,Paint Mixer,C37
SP1835,Anti-Slip Paint,C37
SP1836,Deck Paint,C37
SP1837,Masonry Paint,C37
SP1838,Paint Stripper,C37
SP1839,Chalk Paint,C37
SP1840,Trim Paint,C37
SP1841,Paint Applicator,C37
SP1842,Wall Primer Spray,C37
SP1843,Paintbrush Cleaner,C37
SP1844,Faux Finish Paint,C37
SP1845,Paint Roller Frame,C37
SP1846,Textured Roller,C37
SP1847,Paint Touch-Up Pen,C37
SP1848,Specialty Paint,C37
SP1849,Paint Can Lid,C37
SP1850,Paint Storage Container,C37
SP1851,Petri Dish,C38
SP1852,Microscope Slides,C38
SP1853,Pipettes,C38
SP1854,Test Tubes,C38
SP1855,Beaker,C38
SP1856,Erlenmeyer Flask,C38
SP1857,Lab Gloves,C38
SP1858,Safety Goggles,C38
SP1859,Lab Coat,C38
SP1860,Centrifuge Tubes,C38
SP1861,Microscope,C38
SP1862,Bunsen Burner,C38
SP1863,Graduated Cylinder,C38
SP1864,Stirring Rod,C38
SP1865,Lab Thermometer,C38
SP1866,Funnel,C38
SP1867,Filter Paper,C38
SP1868,Lab Balance,C38
SP1869,Dropper Bottle,C38
SP1870,Lab Timer,C38
SP1871,Petri Dish Holder,C38
SP1872,Test Tube Rack,C38
SP1873,Lab Pipette Tips,C38
SP1874,Spatula,C38
SP1875,Microscope Cover Slips,C38
SP1876,Lab Tongs,C38
SP1877,Lab Clamp,C38
SP1878,Incubator,C38
SP1879,Hot Plate,C38
SP1880,Lab Scale,C38
SP1881,Glass Slide Holder,C38
SP1882,Lab Apron,C38
SP1883,Culture Media,C38
SP1884,Lab Brush,C38
SP1885,Test Tube Brush,C38
SP1886,Microscope Lens Cleaner,C38
SP1887,Lab Notebook,C38
SP1888,Lab Marker,C38
SP1889,Filtration Flask,C38
SP1890,Lab Stirrer,C38
SP1891,Dissection Kit,C38
SP1892,Lab Safety Sign,C38
SP1893,Microscope Camera,C38
SP1894,Lab Storage Box,C38
SP1895,Lab Bottle,C38
SP1896,Graduated Pipette,C38
SP1897,Lab Wash Bottle,C38
SP1898,Lab Organizer,C38
SP1899,Lab Tray,C38
SP1900,Lab Rack,C38
SP1901,Penlight,C39
SP1902,Flashlight,C39
SP1903,Headlamp,C39
SP1904,Lantern,C39
SP1905,Tactical Flashlight,C39
SP1906,Keychain Light,C39
SP1907,Rechargeable Flashlight,C39
SP1908,LED Torch,C39
SP1909,Camping Lantern,C39
SP1910,Spotlight,C39
SP1911,Work Light,C39
SP1912,Flashlight Battery,C39
SP1913,Handheld Torch,C39
SP1914,Emergency Light,C39
SP1915,UV Flashlight,C39
SP1916,Lantern Battery,C39
SP1917,Portable Light,C39
SP1918,Clip-On Light,C39
SP1919,Solar Lantern,C39
SP1920,Flashlight Holder,C39
SP1921,LED Headlamp,C39
SP1922,Waterproof Flashlight,C39
SP1923,Mini Flashlight,C39
SP1924,Rechargeable Lantern,C39
SP1925,Tactical Light,C39
SP1926,Penlight Battery,C39
SP1927,Flashlight Clip,C39
SP1928,Outdoor Torch,C39
SP1929,Headlamp Strap,C39
SP1930,Flashlight Case,C39
SP1931,LED Work Light,C39
SP1932,Lantern Hanger,C39
SP1933,Flashlight Lens,C39
SP1934,Spotlight Bulb,C39
SP1935,Portable Lantern,C39
SP1936,Flashlight Charger,C39
SP1937,Keychain Torch,C39
SP1938,Handheld Spotlight,C39
SP1939,Light Mount,C39
SP1940,Lantern Diffuser,C39
SP1941,Flashlight Holster,C39
SP1942,Rechargeable Torch,C39
SP1943,LED Penlight,C39
SP1944,Lantern Stand,C39
SP1945,Flashlight Filter,C39
SP1946,Outdoor Lantern,C39
SP1947,Headlamp Battery,C39
SP1948,Tactical Headlamp,C39
SP1949,Flashlight Strap,C39
SP1950,Portable Spotlight,C39
SP1951,Sewing Machine,C40
SP1952,Fabric Scissors,C40
SP1953,Sewing Thread,C40
SP1954,Needle Set,C40
SP1955,Pin Cushion,C40
SP1956,Sewing Tape Measure,C40
SP1957,Fabric Chalk,C40
SP1958,Seam Ripper,C40
SP1959,Embroidery Hoop,C40
SP1960,Sewing Pattern,C40
SP1961,Fabric Glue,C40
SP1962,Rotary Cutter,C40
SP1963,Quilting Ruler,C40
SP1964,Sewing Pins,C40
SP1965,Thread Organizer,C40
SP1966,Bobbin Case,C40
SP1967,Sewing Foot,C40
SP1968,Fabric Marker,C40
SP1969,Thimble,C40
SP1970,Sewing Box,C40
SP1971,Embroidery Thread,C40
SP1972,Sewing Table,C40
SP1973,Fabric Shears,C40
SP1974,Pattern Paper,C40
SP1975,Sewing Mat,C40
SP1976,Needle Threader,C40
SP1977,Quilting Hoop,C40
SP1978,Sewing Gauge,C40
SP1979,Fabric Clips,C40
SP1980,Sewing Basket,C40
SP1981,Button Set,C40
SP1982,Zipper,C40
SP1983,Elastic Band,C40
SP1984,Sewing Kit,C40
SP1985,Seam Guide,C40
SP1986,Fabric Tape,C40
SP1987,Sewing Presser Foot,C40
SP1988,Thread Snips,C40
SP1989,Fabric Weight,C40
SP1990,Sewing Organizer,C40
SP1991,Quilting Needle,C40
SP1992,Sewing Machine Oil,C40
SP1993,Fabric Ruler,C40
SP1994,Embroidery Scissors,C40
SP1995,Sewing Pattern Book,C40
SP1996,Sewing Machine Cover,C40
SP1997,Fabric Cutter,C40
SP1998,Sewing Threader,C40
SP1999,Quilting Mat,C40
SP2000,Sewing Needle Case,C40
SP2001,Fishing Rod,C41
SP2002,Fishing Reel,C41
SP2003,Fishing Line,C41
SP2004,Fishing Lure,C41
SP2005,Tackle Box,C41
SP2006,Fishing Hook,C41
SP2007,Fishing Net,C41
SP2008,Fishing Bobber,C41
SP2009,Fishing Bait,C41
SP2010,Fishing Vest,C41
SP2011,Fishing Chair,C41
SP2012,Fishing Rod Holder,C41
SP2013,Fish Finder,C41
SP2014,Fishing Gloves,C41
SP2015,Fishing Tackle Bag,C41
SP2016,Fishing Waders,C41
SP2017,Fishing Reel Oil,C41
SP2018,Fishing Pliers,C41
SP2019,Fishing Scale,C41
SP2020,Fishing Knife,C41
SP2021,Fishing Cooler,C41
SP2022,Fishing Hat,C41
SP2023,Fishing Sunglasses,C41
SP2024,Fishing Backpack,C41
SP2025,Fishing Rod Case,C41
SP2026,Fishing Sinkers,C41
SP2027,Fishing Swivel,C41
SP2028,Fishing Float,C41
SP2029,Fishing Tackle,C41
SP2030,Fishing Net Handle,C41
SP2031,Fishing Reel Bag,C41
SP2032,Fishing Rod Tip,C41
SP2033,Fishing Hook Sharpener,C41
SP2034,Fishing Bait Box,C41
SP2035,Fishing Line Spooler,C41
SP2036,Fishing Rod Rack,C41
SP2037,Fishing Lure Kit,C41
SP2038,Fishing Reel Cover,C41
SP2039,Fishing Weight,C41
SP2040,Fishing Clip,C41
SP2041,Fishing Tackle Organizer,C41
SP2042,Fishing Line Cutter,C41
SP2043,Fishing Rod Strap,C41
SP2044,Fishing Bait Pump,C41
SP2045,Fishing Tool Kit,C41
SP2046,Fishing Reel Handle,C41
SP2047,Fishing Hook Remover,C41
SP2048,Fishing Tackle Pouch,C41
SP2049,Fishing Rod Grip,C41
SP2050,Fishing Cooler Bag,C41
SP2051,Bicycle,C42
SP2052,Bike Helmet,C42
SP2053,Bike Lock,C42
SP2054,Bike Pump,C42
SP2055,Bike Chain,C42
SP2056,Bike Tire,C42
SP2057,Bike Saddle,C42
SP2058,Bike Lights,C42
SP2059,Bike Bell,C42
SP2060,Bike Rack,C42
SP2061,Bike Repair Kit,C42
SP2062,Bike Pedals,C42
SP2063,Bike Grips,C42
SP2064,Bike Basket,C42
SP2065,Bike Mirror,C42
SP2066,Bike Fender,C42
SP2067,Bike Water Bottle,C42
SP2068,Bike Computer,C42
SP2069,Bike Seat Cover,C42
SP2070,Bike Chain Cleaner,C41
SP2071,Bike Tool Kit,C42
SP2072,Bike Handlebar Tape,C42
SP2073,Bike Kickstand,C42
SP2074,Bike Trainer,C42
SP2075,Bike Pannier,C42
SP2076,Bike Gloves,C42
SP2077,Bike Tire Patch,C42
SP2078,Bike Chain Lube,C42
SP2079,Bike Frame Bag,C42
SP2080,Bike Bottle Cage,C42
SP2081,Bike Repair Stand,C42
SP2082,Bike Lock Cable,C42
SP2083,Bike Headlight,C42
SP2084,Bike Taillight,C42
SP2085,Bike Saddle Bag,C42
SP2086,Bike Tire Lever,C42
SP2087,Bike Mudguard,C42
SP2088,Bike Chain Guard,C42
SP2089,Bike Reflectors,C42
SP2090,Bike Handlebar,C42
SP2091,Bike Seat Post,C42
SP2092,Bike Cleaning Kit,C42
SP2093,Bike Storage Rack,C42
SP2094,Bike Phone Mount,C42
SP2095,Bike Tool Pouch,C42
SP2096,Bike Chain Tool,C42
SP2097,Bike Spoke Wrench,C42
SP2098,Bike Tire Gauge,C42
SP2099,Bike Crank Puller,C42
SP2100,Bike Derailleur,C42
SP2101,Ski Goggles,C43
SP2102,Ski Poles,C43
SP2103,Ski Boots,C43
SP2104,Snowboard,C43
SP2105,Ski Helmet,C43
SP2106,Ski Gloves,C43
SP2107,Ski Jacket,C43
SP2108,Ski Pants,C43
SP2109,Snowboard Bindings,C43
SP2110,Ski Wax,C43
SP2111,Ski Bag,C43
SP2112,Snowboard Boots,C43
SP2113,Ski Socks,C43
SP2114,Snowboard Helmet,C43
SP2115,Ski Face Mask,C43
SP2116,Ski Carrier,C43
SP2117,Snowboard Wax,C43
SP2118,Ski Tuning Kit,C43
SP2119,Ski Goggle Lens,C43
SP2120,Snowboard Bag,C43
SP2121,Ski Hand Warmers,C43
SP2122,Snowboard Gloves,C43
SP2123,Ski Neck Gaiter,C43
SP2124,Ski Boot Bag,C43
SP2125,Snowboard Repair Kit,C43
SP2126,Ski Pole Straps,C43
SP2127,Snowboard Stomp Pad,C43
SP2128,Ski Base Layer,C43
SP2129,Snowboard Leash,C43
SP2130,Ski Wax Scraper,C43
SP2131,Ski Edge Sharpener,C43
SP2132,Snowboard Tool,C43
SP2133,Ski Boot Heater,C43
SP2134,Snowboard Socks,C43
SP2135,Ski Goggle Case,C43
SP2136,Ski Snow Pants,C43
SP2137,Snowboard Wrist Guards,C43
SP2138,Ski Thermal Top,C43
SP2139,Ski Pole Grips,C43
SP2140,Snowboard Knee Pads,C43
SP2141,Ski Wax Brush,C43
SP2142,Snowboard Tuning Kit,C43
SP2143,Ski Boot Liner,C43
SP2144,Snowboard Base Cleaner,C43
SP2145,Ski Glove Liners,C43
SP2146,Snowboard Travel Bag,C43
SP2147,Ski Pole Basket,C43
SP2148,Snowboard Edge Tuner,C43
SP2149,Ski Hand Warmer Pouch,C43
SP2150,Snowboard Wall Mount,C43
SP2151,Power Strip,C44
SP2152,Extension Cord,C44
SP2153,Surge Protector,C44
SP2154,Wall Outlet,C44
SP2155,Cable Organizer,C44
SP2156,USB Charger,C44
SP2157,Light Switch,C44
SP2158,Circuit Breaker,C44
SP2159,Wall Plate,C44
SP2160,Electrical Tape,C44
SP2161,Wire Connectors,C44
SP2162,Outlet Tester,C44
SP2163,Voltage Tester,C44
SP2164,Wire Stripper,C44
SP2165,Power Adapter,C44
SP2166,Timer Switch,C44
SP2167,Dimmer Switch,C44
SP2168,Cable Ties,C44
SP2169,Outlet Cover,C44
SP2170,Extension Cable,C44
SP2171,Power Inverter,C44
SP2172,Ground Fault Circuit Interrupter,C44
SP2173,Wire Nuts,C44
SP2174,Cable Clips,C44
SP2175,Wall Socket,C44
SP2176,Light Socket,C44
SP2177,Fuse Box,C44
SP2178,Conduit Pipe,C44
SP2179,Electrical Box,C44
SP2180,Cable Management Sleeve,C44
SP2181,Outlet Expander,C44
SP2182,Power Cord,C44
SP2183,Wire Crimper,C44
SP2184,Electrical Tester,C44
SP2185,Smart Plug,C44
SP2186,Switch Plate,C44
SP2187,Cable Raceway,C44
SP2188,Power Strip Holder,C44
SP2189,Voltage Converter,C44
SP2190,Electrical Insulation Tape,C44
SP2191,Outlet Spacer,C44
SP2192,Cable Sleeve,C44
SP2193,Wire Terminal,C44
SP2194,Light Switch Guard,C44
SP2195,Outlet Lock,C44
SP2196,Power Monitor,C44
SP2197,Cable Protector,C44
SP2198,Electrical Plug,C44
SP2199,Wire Splice Kit,C44
SP2200,Outlet Adapter,C44
SP2201,Barbell,C45
SP2202,Weight Plates,C45
SP2203,Weightlifting Belt,C45
SP2204,Power Rack,C45
SP2205,Bench Press,C45
SP2206,Dumbbell Rack,C45
SP2207,Olympic Bar,C45
SP2208,Weightlifting Shoes,C45
SP2209,Chalk,C45
SP2210,Weightlifting Gloves,C45
SP2211,Squat Rack,C45
SP2212,Deadlift Platform,C45
SP2213,Barbell Collars,C45
SP2214,Weightlifting Straps,C45
SP2215,Powerlifting Belt,C45
SP2216,Weightlifting Chalk,C45
SP2217,Barbell Pad,C45
SP2218,Weightlifting Wrist Wraps,C45
SP2219,Incline Bench,C45
SP2220,Weightlifting Chain,C45
SP2221,Fractional Plates,C45
SP2222,Weightlifting Bar,C45
SP2223,Powerlifting Shoes,C45
SP2224,Weightlifting Knee Sleeves,C45
SP2225,Decline Bench,C45
SP2226,Weightlifting Grips,C45
SP2227,Barbell Spring Collars,C45
SP2228,Weightlifting Platform,C45
SP2229,Powerlifting Bar,C45
SP2230,Weightlifting Bands,C45
SP2231,Flat Bench,C45
SP2232,Weightlifting Chalk Bag,C45
SP2233,Barbell Sleeves,C45
SP2234,Weightlifting Elbow Sleeves,C45
SP2235,Adjustable Bench,C45
SP2236,Weightlifting Hook Grips,C45
SP2237,Barbell Rack,C45
SP2238,Weightlifting Tape,C45
SP2239,Powerlifting Singlet,C45
SP2240,Weightlifting Block,C45
SP2241,Barbell Clamp,C45
SP2242,Weightlifting Mat,C45
SP2243,Powerlifting Wrist Wraps,C45
SP2244,Weightlifting Belt Clip,C45
SP2245,Barbell Storage,C45
SP2246,Weightlifting Chalk Block,C45
SP2247,Powerlifting Knee Wraps,C45
SP2248,Weightlifting Rack,C45
SP2249,Barbell Holder,C45
SP2250,Weightlifting Timer,C45
SP2251,Golf Clubs,C46
SP2252,Golf Bag,C46
SP2253,Golf Balls,C46
SP2254,Golf Tees,C46
SP2255,Golf Glove,C46
SP2256,Golf Shoes,C46
SP2257,Golf Towel,C46
SP2258,Golf Club Cover,C46
SP2259,Golf Rangefinder,C46
SP2260,Golf Cart Bag,C46
SP2261,Golf Driver,C46
SP2262,Golf Iron Set,C46
SP2263,Golf Putter,C46
SP2264,Golf Wedge,C46
SP2265,Golf Ball Marker,C46
SP2266,Golf Divot Tool,C46
SP2267,Golf Club Grip,C46
SP2268,Golf Umbrella,C46
SP2269,Golf Training Aid,C46
SP2270,Golf Swing Trainer,C46
SP2271,Golf Hat,C46
SP2272,Golf Sunglasses,C46
SP2273,Golf Club Cleaner,C46
SP2274,Golf Scorecard Holder,C46
SP2275,Golf Ball Retriever,C46
SP2276,Golf Alignment Stick,C46
SP2277,Golf Practice Net,C46
SP2278,Golf Putting Mat,C46
SP2279,Golf Chipping Net,C46
SP2280,Golf Club Brush,C46
SP2281,Golf Towel Clip,C46
SP2282,Golf Ball Washer,C46
SP2283,Golf Spike Wrench,C46
SP2284,Golf Club Headcover,C46
SP2285,Golf Practice Ball,C46
SP2286,Golf Tee Holder,C46
SP2287,Golf Glove Holder,C46
SP2288,Golf Swing Analyzer,C46
SP2289,Golf Score Counter,C46
SP2290,Golf Bag Strap,C46
SP2291,Golf Club Shaft,C46
SP2292,Golf Ball Pouch,C46
SP2293,Golf Training Grip,C46
SP2294,Golf Distance Meter,C46
SP2295,Golf Club Repair Kit,C46
SP2296,Golf Bag Rain Cover,C46
SP2297,Golf Ball Stamp,C46
SP2298,Golf Putting Mirror,C46
SP2299,Golf Club Organizer,C46
SP2300,Golf Swing Weight,C46
SP2301,Swim Goggles,C47
SP2302,Swim Cap,C47
SP2303,Swim Fins,C47
SP2304,Kickboard,C47
SP2305,Pull Buoy,C47
SP2306,Swim Paddles,C47
SP2307,Swim Snorkel,C47
SP2308,Swim Towel,C47
SP2309,Swim Bag,C47
SP2310,Nose Clip,C47
SP2311,Ear Plugs,C47
SP2312,Swim Training Fins,C47
SP2313,Swim Hand Paddles,C47
SP2314,Swim Lap Counter,C47
SP2315,Swim Float,C47
SP2316,Swim Belt,C47
SP2317,Swim Goggle Case,C47
SP2318,Swim Training Pads,C47
SP2319,Swim Kickboard,C47
SP2320,Swim Arm Float,C47
SP2321,Swim Tube,C47
SP2322,Swim Mesh Bag,C47
SP2323,Swim Anti-Fog Spray,C47
SP2324,Swim Nose Plug,C47
SP2325,Swim Training Belt,C47
SP2326,Swim Tow Float,C47
SP2327,Swim Goggle Strap,C47
SP2328,Swim Ear Band,C47
SP2329,Swim Training Gloves,C47
SP2330,Swim Fin Socks,C47
SP2331,Swim Timer,C47
SP2332,Swim Stroke Trainer,C47
SP2333,Swim Waterproof Bag,C47
SP2334,Swim Cap Clip,C37
SP2335,Swim Pull Cord,C47
SP2336,Swim Goggle Cleaner,C47
SP2337,Swim Training Band,C47
SP2338,Swim Float Vest,C47
SP2339,Swim Snorkel Tube,C47
SP2340,Swim Hand Buoy,C47
SP2341,Swim Ankle Float,C47
SP2342,Swim Training Fin,C47
SP2343,Swim Goggle Lens,C47
SP2344,Swim Towel Clip,C47
SP2345,Swim Ear Drops,C47
SP2346,Swim Pace Clock,C47
SP2347,Swim Training Mat,C47
SP2348,Swim Fin Strap,C47
SP2349,Swim Goggle Clip,C47
SP2350,Swim Training Tube,C47
SP2351,Wall Clock,C48
SP2352,Alarm Clock,C48
SP2353,Desk Clock,C48
SP2354,Analog Clock,C48
SP2355,Digital Clock,C48
SP2356,Cuckoo Clock,C48
SP2357,Wall Timer,C48
SP2358,Pendulum Clock,C48
SP2359,Table Clock,C48
SP2360,Atomic Clock,C48
SP2361,Smart Clock,C48
SP2362,Weather Station Clock,C48
SP2363,LED Clock,C48
SP2364,Flip Clock,C48
SP2365,Grandfather Clock,C48
SP2366,Mantel Clock,C48
SP2367,Clock Battery,C48
SP2368,Wall Clock Frame,C48
SP2369,Desk Timer,C48
SP2370,Clock Repair Kit,C48
SP2371,Clock Hands,C48
SP2372,Clock Mechanism,C48
SP2373,Clock Face,C48
SP2374,Decorative Clock,C48
SP2375,Outdoor Clock,C48
SP2376,Clock Stand,C48
SP2377,Analog Alarm Clock,C48
SP2378,Digital Alarm Clock,C48
SP2379,Clock Radio,C48
SP2380,Wall Clock Mount,C48
SP2381,Clock Pendulum,C48
SP2382,Clock Chime,C48
SP2383,Clock Weight,C48
SP2384,Clock Gear,C48
SP2385,Clock Dial,C48
SP2386,Clock Spring,C48
SP2387,Clock Motor,C48
SP2388,Clock Glass,C48
SP2389,Clock Hanger,C48
SP2390,Clock Base,C48
SP2391,Clock Numerals,C48
SP2392,Clock Bezel,C48
SP2393,Clock Lens,C48
SP2394,Clock Winder,C48
SP2395,Clock Chain,C48
SP2396,Clock Bell,C48
SP2397,Clock Frame,C48
SP2398,Clock Cover,C48
SP2399,Clock Holder,C48
SP2400,Clock Light,C48
SP2401,Fire Extinguisher,C49
SP2402,Smoke Detector,C49
SP2403,Carbon Monoxide Alarm,C49
SP2404,First Aid Kit,C49
SP2405,Safety Goggles,C49
SP2406,Fire Blanket,C49
SP2407,Emergency Whistle,C49
SP2408,Flashlight,C49
SP2409,Safety Vest,C49
SP2410,Hard Hat,C49
SP2411,Lockout Tagout Kit,C49
SP2412,Safety Gloves,C49
SP2413,Fire Alarm,C49
SP2414,Emergency Light,C49
SP2415,Safety Harness,C49
SP2416,Reflective Tape,C49
SP2417,Warning Sign,C49
SP2418,Ear Plugs,C49
SP2419,Safety Cones,C49
SP2420,Barrier Tape,C49
SP2421,Fire Escape Ladder,C49
SP2422,Safety Mask,C49
SP2423,Emergency Radio,C49
SP2424,Safety Glasses,C49
SP2425,Work Boots,C49
SP2426,Fire Safe,C49
SP2427,Smoke Alarm Battery,C49
SP2428,Safety Rope,C49
SP2429,Respirator,C49
SP2430,Safety Ear Muffs,C49
SP2431,Fire Sprinkler,C49
SP2432,Safety Sign,C49
SP2433,Emergency Exit Sign,C49
SP2434,Safety Barrier,C49
SP2435,First Aid Tape,C49
SP2436,Safety Helmet,C49
SP2437,Fire Hose,C49
SP2438,Safety Light,C49
SP2439,Emergency Blanket,C49
SP2440,Safety Lock,C49
SP2441,Fire Alarm Siren,C49
SP2442,Safety Mirror,C49
SP2443,Emergency Flare,C49
SP2444,Safety Belt,C49
SP2445,Fire Escape Mask,C49
SP2446,Safety Net,C49
SP2447,First Aid Bandage,C49
SP2448,Safety Arm Band,C49
SP2449,Safety Whistle,C49
SP2450,Safety Flashlight,C49
SP2451,Video Game Console,C50
SP2452,Game Controller,C50
SP2453,Gaming Headset,C50
SP2454,Gaming Mouse,C50
SP2455,Gaming Keyboard,C50
SP2456,Controller Charger,C50
SP2457,Gaming Chair,C50
SP2458,VR Headset,C50
SP2459,Gaming Mouse Pad,C50
SP2460,Game Disc,C50
SP2461,Controller Grip,C50
SP2462,Gaming Monitor,C50
SP2463,Steering Wheel Controller,C50
SP2464,Gaming Desk,C50
SP2465,Controller Stand,C50
SP2466,Gaming Glasses,C50
SP2467,Game Cartridge,C50
SP2468,Gaming Headset Stand,C50
SP2469,Controller Skin,C50
SP2470,Gaming Light,C50
SP2471,Game Storage Tower,C50
SP2472,Gaming Cable Organizer,C50
SP2473,VR Controller,C50
SP2474,Gaming Wrist Rest,C50
SP2475,Game Console Skin,C50
SP2476,Gaming Fan,C50
SP2477,Controller Battery Pack,C50
SP2478,Gaming Mic,C50
SP2479,Game Expansion Pack,C50
SP2480,Gaming Joystick,C50
SP2481,Console Cooling Stand,C50
SP2482,Gaming Wheel Pedals,C50
SP2483,Game Controller Case,C50
SP2484,Gaming Thumb Grips,C50
SP2485,Console Dust Cover,C50
SP2486,Gaming Monitor Mount,C50
SP2487,Game Console Bag,C50
SP2488,Gaming Cable,C50
SP2489,Controller Charging Dock,C50
SP2490,Gaming Mouse Bungee,C50
SP2491,Game Console Stand,C50
SP2492,Gaming Backlight,C50
SP2493,Controller Repair Kit,C50
SP2494,Gaming Desk Mat,C50
SP2495,Game Console Adapter,C50
SP2496,Gaming Earbuds,C50
SP2497,Controller Trigger Extender,C50
SP2498,Gaming Storage Case,C50
SP2499,Game Console Cleaner,C50
SP2500,Gaming Headset Cable,C50
